[
  {
    "symbol": "H",
    "name": "Wodór",
    "atomicNumber": 1,
    "atomicMass": 1.008
  },
  {
    "symbol": "He",
    "name": "Hel",
    "atomicNumber": 2,
    "atomicMass": 4.003
  },
  {
    "symbol": "Li",
    "name": "Lit",
    "atomicNumber": 3,
    "atomicMass": 6.941
  },
  {
    "symbol": "Be",
    "name": "Beryl",
    "atomicNumber": 4,
    "atomicMass": 9.012
  },
  {
    "symbol": "B",
    "name": "Bor",
    "atomicNumber": 5,
    "atomicMass": 10.811
  },
  {
    "symbol": "C",
    "name": "Węgiel",
    "atomicNumber": 6,
    "atomicMass": 12.011
  },
  {
    "symbol": "N",
    "name": "Azot",
    "atomicNumber": 7,
    "atomicMass": 14.007
  },
  {
    "symbol": "O",
    "name": "Tlen",
    "atomicNumber": 8,
    "atomicMass": 15.999
  },
  {
    "symbol": "F",
    "name": "Fluor",
    "atomicNumber": 9,
    "atomicMass": 18.998
  },
  {
    "symbol": "Ne",
    "name": "Neon",
    "atomicNumber": 10,
    "atomicMass": 20.18
  },
  {
    "symbol": "Na",
    "name": "Sód",
    "atomicNumber": 11,
    "atomicMass": 22.99
  },
  {
    "symbol": "Mg",
    "name": "Magnez",
    "atomicNumber": 12,
    "atomicMass": 24.305
  },
  {
    "symbol": "Al",
    "name": "Glin",
    "atomicNumber": 13,
    "atomicMass": 26.982
  },
  {
    "symbol": "Si",
    "name": "Krzem",
    "atomicNumber": 14,
    "atomicMass": 28.085
  },
  {
    "symbol": "P",
    "name": "Fosfor",
    "atomicNumber": 15,
    "atomicMass": 30.974
  },
  {
    "symbol": "S",
    "name": "Siarka",
    "atomicNumber": 16,
    "atomicMass": 32.065
  },
  {
    "symbol": "Cl",
    "name": "Chlor",
    "atomicNumber": 17,
    "atomicMass": 35.453
  },
  {
    "symbol": "Ar",
    "name": "Argon",
    "atomicNumber": 18,
    "atomicMass": 39.948
  },
  {
    "symbol": "K",
    "name": "Potas",
    "atomicNumber": 19,
    "atomicMass": 39.098
  },
  {
    "symbol": "Ca",
    "name": "Wapń",
    "atomicNumber": 20,
    "atomicMass": 40.078
  },
  {
    "symbol": "Sc",
    "name": "Skand",
    "atomicNumber": 21,
    "atomicMass": 44.956
  },
  {
    "symbol": "Ti",
    "name": "Tytan",
    "atomicNumber": 22,
    "atomicMass": 47.867
  },
  {
    "symbol": "V",
    "name": "Wanad",
    "atomicNumber": 23,
    "atomicMass": 50.942
  },
  {
    "symbol": "Cr",
    "name": "Chrom",
    "atomicNumber": 24,
    "atomicMass": 51.996
  },
  {
    "symbol": "Mn",
    "name": "Mangan",
    "atomicNumber": 25,
    "atomicMass": 54.938
  },
  {
    "symbol": "Fe",
    "name": "Żelazo",
    "atomicNumber": 26,
    "atomicMass": 55.845
  },
  {
    "symbol": "Co",
    "name": "Kobalt",
    "atomicNumber": 27,
    "atomicMass": 58.933
  },
  {
    "symbol": "Ni",
    "name": "Nikiel",
    "atomicNumber": 28,
    "atomicMass": 58.693
  },
  {
    "symbol": "Cu",
    "name": "Miedź",
    "atomicNumber": 29,
    "atomicMass": 63.546
  },
  {
    "symbol": "Zn",
    "name": "Cynk",
    "atomicNumber": 30,
    "atomicMass": 65.39
  },
  {
    "symbol": "Ga",
    "name": "Gal",
    "atomicNumber": 31,
    "atomicMass": 69.723
  },
  {
    "symbol": "Ge",
    "name": "German",
    "atomicNumber": 32,
    "atomicMass": 72.61
  },
  {
    "symbol": "As",
    "name": "Arsen",
    "atomicNumber": 33,
    "atomicMass": 74.922
  },
  {
    "symbol": "Se",
    "name": "Selen",
    "atomicNumber": 34,
    "atomicMass": 78.971
  },
  {
    "symbol": "Br",
    "name": "Brom",
    "atomicNumber": 35,
    "atomicMass": 79.904
  },
  {
    "symbol": "Kr",
    "name": "Krypton",
    "atomicNumber": 36,
    "atomicMass": 83.798
  },
  {
    "symbol": "Rb",
    "name": "Rubid",
    "atomicNumber": 37,
    "atomicMass": 85.468
  },
  {
    "symbol": "Sr",
    "name": "Stront",
    "atomicNumber": 38,
    "atomicMass": 87.62
  },
  {
    "symbol": "Y",
    "name": "Itr",
    "atomicNumber": 39,
    "atomicMass": 88.91
  },
  {
    "symbol": "Zr",
    "name": "Cyrkon",
    "atomicNumber": 40,
    "atomicMass": 91.224
  },
  {
    "symbol": "Nb",
    "name": "Niob",
    "atomicNumber": 41,
    "atomicMass": 92.906
  },
  {
    "symbol": "Mo",
    "name": "Molibden",
    "atomicNumber": 42,
    "atomicMass": 95.94
  },
  {
    "symbol": "Tc",
    "name": "Technet",
    "atomicNumber": 43,
    "atomicMass": 97.905
  },
  {
    "symbol": "Ru",
    "name": "Ruten",
    "atomicNumber": 44,
    "atomicMass": 101.07
  },
  {
    "symbol": "Rh",
    "name": "Rod",
    "atomicNumber": 45,
    "atomicMass": 102.91
  },
  {
    "symbol": "Pd",
    "name": "Pallad",
    "atomicNumber": 46,
    "atomicMass": 106.42
  },
  {
    "symbol": "Ag",
    "name": "Srebro",
    "atomicNumber": 47,
    "atomicMass": 107.87
  },
  {
    "symbol": "Cd",
    "name": "Kadm",
    "atomicNumber": 48,
    "atomicMass": 112.411
  },
  {
    "symbol": "In",
    "name": "Ind",
    "atomicNumber": 49,
    "atomicMass": 114.82
  },
  {
    "symbol": "Sn",
    "name": "Cyna",
    "atomicNumber": 50,
    "atomicMass": 118.71
  },
  {
    "symbol": "Sb",
    "name": "Antymon",
    "atomicNumber": 51,
    "atomicMass": 121.76
  },
  {
    "symbol": "Te",
    "name": "Tellur",
    "atomicNumber": 52,
    "atomicMass": 127.6
  },
  {
    "symbol": "I",
    "name": "Jod",
    "atomicNumber": 53,
    "atomicMass": 126.904
  },
  {
    "symbol": "Xe",
    "name": "Ksenon",
    "atomicNumber": 54,
    "atomicMass": 131.293
  },
  {
    "symbol": "Cs",
    "name": "Cez",
    "atomicNumber": 55,
    "atomicMass": 132.91
  },
  {
    "symbol": "Ba",
    "name": "Bar",
    "atomicNumber": 56,
    "atomicMass": 137.33
  },
  {
    "symbol": "La",
    "name": "Lantan",
    "atomicNumber": 57,
    "atomicMass": 138.91
  },
  {
    "symbol": "Ce",
    "name": "Cer",
    "atomicNumber": 58,
    "atomicMass": 140.12
  },
  {
    "symbol": "Pr",
    "name": "Prazeodym",
    "atomicNumber": 59,
    "atomicMass": 140.91
  },
  {
    "symbol": "Nd",
    "name": "Neodym",
    "atomicNumber": 60,
    "atomicMass": 144.24
  },
  {
    "symbol": "Pm",
    "name": "Promet",
    "atomicNumber": 61,
    "atomicMass": 144.913
  },
  {
    "symbol": "Sm",
    "name": "Samar",
    "atomicNumber": 62,
    "atomicMass": 150.36
  },
  {
    "symbol": "Eu",
    "name": "Europ",
    "atomicNumber": 63,
    "atomicMass": 151.96
  },
  {
    "symbol": "Gd",
    "name": "Gadolin",
    "atomicNumber": 64,
    "atomicMass": 157.25
  },
  {
    "symbol": "Tb",
    "name": "Terb",
    "atomicNumber": 65,
    "atomicMass": 158.93
  },
  {
    "symbol": "Dy",
    "name": "Dysproz",
    "atomicNumber": 66,
    "atomicMass": 162.5
  },
  {
    "symbol": "Ho",
    "name": "Holm",
    "atomicNumber": 67,
    "atomicMass": 164.93
  },
  {
    "symbol": "Er",
    "name": "Erb",
    "atomicNumber": 68,
    "atomicMass": 167.26
  },
  {
    "symbol": "Tm",
    "name": "Tul",
    "atomicNumber": 69,
    "atomicMass": 168.93
  },
  {
    "symbol": "Yb",
    "name": "Iterb",
    "atomicNumber": 70,
    "atomicMass": 173.05
  },
  {
    "symbol": "Lu",
    "name": "Lutet",
    "atomicNumber": 71,
    "atomicMass": 174.97
  },
  {
    "symbol": "Hf",
    "name": "Hafn",
    "atomicNumber": 72,
    "atomicMass": 178.49
  },
  {
    "symbol": "Ta",
    "name": "Tantal",
    "atomicNumber": 73,
    "atomicMass": 180.95
  },
  {
    "symbol": "W",
    "name": "Wolfram",
    "atomicNumber": 74,
    "atomicMass": 183.84
  },
  {
    "symbol": "Re",
    "name": "Ren",
    "atomicNumber": 75,
    "atomicMass": 186.21
  },
  {
    "symbol": "Os",
    "name": "Osm",
    "atomicNumber": 76,
    "atomicMass": 190.23
  },
  {
    "symbol": "Ir",
    "name": "Iryd",
    "atomicNumber": 77,
    "atomicMass": 192.22
  },
  {
    "symbol": "Pt",
    "name": "Platyna",
    "atomicNumber": 78,
    "atomicMass": 195.08
  },
  {
    "symbol": "Au",
    "name": "Złoto",
    "atomicNumber": 79,
    "atomicMass": 196.97
  },
  {
    "symbol": "Hg",
    "name": "Rtęć",
    "atomicNumber": 80,
    "atomicMass": 200.59
  },
  {
    "symbol": "Tl",
    "name": "Tal",
    "atomicNumber": 81,
    "atomicMass": 204.38
  },
  {
    "symbol": "Pb",
    "name": "Ołów",
    "atomicNumber": 82,
    "atomicMass": 207.2
  },
  {
    "symbol": "Bi",
    "name": "Bizmut",
    "atomicNumber": 83,
    "atomicMass": 208.98
  },
  {
    "symbol": "Po",
    "name": "Polon",
    "atomicNumber": 84,
    "atomicMass": 208.982
  },
  {
    "symbol": "At",
    "name": "Astat",
    "atomicNumber": 85,
    "atomicMass": 209.987
  },
  {
    "symbol": "Rn",
    "name": "Radon",
    "atomicNumber": 86,
    "atomicMass": 222.018
  },
  {
    "symbol": "Fr",
    "name": "Frans",
    "atomicNumber": 87,
    "atomicMass": 223.02
  },
  {
    "symbol": "Ra",
    "name": "Rad",
    "atomicNumber": 88,
    "atomicMass": 226.025
  },
  {
    "symbol": "Ac",
    "name": "Aktyn",
    "atomicNumber": 89,
    "atomicMass": 227.028
  },
  {
    "symbol": "Th",
    "name": "Tor",
    "atomicNumber": 90,
    "atomicMass": 232.04
  },
  {
    "symbol": "Pa",
    "name": "Protaktyn",
    "atomicNumber": 91,
    "atomicMass": 231.04
  },
  {
    "symbol": "U",
    "name": "Uran",
    "atomicNumber": 92,
    "atomicMass": 238.03
  },
  {
    "symbol": "Np",
    "name": "Neptun",
    "atomicNumber": 93,
    "atomicMass": 237.048
  },
  {
    "symbol": "Pu",
    "name": "Pluton",
    "atomicNumber": 94,
    "atomicMass": 244.064
  },
  {
    "symbol": "Am",
    "name": "Ameryk",
    "atomicNumber": 95,
    "atomicMass": 243.061
  },
  {
    "symbol": "Cm",
    "name": "Kiur",
    "atomicNumber": 96,
    "atomicMass": 247.07
  },
  {
    "symbol": "Bk",
    "name": "Berkel",
    "atomicNumber": 97,
    "atomicMass": 247.1
  },
  {
    "symbol": "Cf",
    "name": "Kaliforn",
    "atomicNumber": 98,
    "atomicMass": 251.08
  },
  {
    "symbol": "Es",
    "name": "Einstein",
    "atomicNumber": 99,
    "atomicMass": 252.088
  },
  {
    "symbol": "Fm",
    "name": "Ferm",
    "atomicNumber": 100,
    "atomicMass": 257.095
  },
  {
    "symbol": "Md",
    "name": "Mendelew",
    "atomicNumber": 101,
    "atomicMass": 258.098
  },
  {
    "symbol": "No",
    "name": "Nobel",
    "atomicNumber": 102,
    "atomicMass": 259.101
  },
  {
    "symbol": "Lr",
    "name": "Lorens",
    "atomicNumber": 103,
    "atomicMass": 262.11
  },
  {
    "symbol": "Rf",
    "name": "Rutherford",
    "atomicNumber": 104,
    "atomicMass": 265.117
  },
  {
    "symbol": "Db",
    "name": "Dubn",
    "atomicNumber": 105,
    "atomicMass": 268.125
  },
  {
    "symbol": "Sg",
    "name": "Seaborg",
    "atomicNumber": 106,
    "atomicMass": 271.133
  },
  {
    "symbol": "Bh",
    "name": "Bohr",
    "atomicNumber": 107,
    "atomicMass": 272.138
  },
  {
    "symbol": "Hs",
    "name": "Has",
    "atomicNumber": 108,
    "atomicMass": 270.135
  },
  {
    "symbol": "Mt",
    "name": "Meitner",
    "atomicNumber": 109,
    "atomicMass": 276.151
  },
  {
    "symbol": "Ds",
    "name": "Darmsztadt",
    "atomicNumber": 110,
    "atomicMass": 281.162
  },
  {
    "symbol": "Rg",
    "name": "Roentgen",
    "atomicNumber": 111,
    "atomicMass": 281.2
  },
  {
    "symbol": "Cn",
    "name": "Kopernik",
    "atomicNumber": 112,
    "atomicMass": 285.174
  },
  {
    "symbol": "Nh",
    "name": "Nihon",
    "atomicNumber": 113,
    "atomicMass": 286.0
  },
  {
    "symbol": "Fl",
    "name": "Flerow",
    "atomicNumber": 114,
    "atomicMass": 289.187
  },
  {
    "symbol": "Mc",
    "name": "Moskow",
    "atomicNumber": 115,
    "atomicMass": 288.192
  },
  {
    "symbol": "Lv",
    "name": "Liwermor",
    "atomicNumber": 116,
    "atomicMass": 293.0
  },
  {
    "symbol": "Ts",
    "name": "Tenes",
    "atomicNumber": 117,
    "atomicMass": 294.0
  },
  {
    "symbol": "Og",
    "name": "Oganeson",
    "atomicNumber": 118,
    "atomicMass": 294.0
  }
]
